user_id,model_preds
1,"[1050310  856942 1046816 1069575 1075074 1082212 5577022 1025641 9655212
  878285]"
7,"[1126899 1136257 5592610 5572738 5591154 1052046 1003188 1127232  836281
 1072483]"
8,"[ 923746 1068719  868075  840361  916050 1098692  940631 1066069 8181377
  961554]"
13,"[  859075   951590  9859111   914190  5568729   943076   882604  1003178
 12263180  1112598]"
17,"[1022827  835243  896085 1099164 6533362  833351  944486  899624  995785
  962568]"
18,"[  840361   914190  9677886   835278   909750   870929   831937   916122
 12754036   938118]"
19,"[ 883404  826249  844165 8090537  994928  859075  840361  871756  865456
 5568378]"
20,"[ 883404  994928  840361 1058997 1126899  910109 8090536 1123106  889618
  948509]"
22,"[ 840361 1104349  991874 1070820  972445  995645 1075074  995816  916050
  856345]"
25,"[ 5568378 12949590  1065593  1012284   948509  1135768  1101567   929018
  1075786]"
27,"[  918733  1003836  1005861   910473  1019479 12673243  1031923  1065669
  7409957  1017982]"
31,"[ 1070820  1136257  1110142  1104343 12385374   898847   990656   901062
  8290421   859427]"
39,[1126899 1136257  923789 7433888  857503]
40,"[ 840361  927191  995852  926065 1047226 1056651  928092  878739  897954
 1079987]"
42,"[ 976998 1135460 1019011  897953  990440 1112766 1076195  839656 6602697
  946839]"
46,"[ 826249  883932  950935  990797 5570383  835278 1010185  845622  912112
 1027569]"
49,"[5569471  867931 1022859  917654 1022003 1028715  967144 1018670  911311
 1087102]"
52,"[ 824305 1105301  850795  878880  988835  865705  915349 1088393 1081177
  995785]"
55,[  844165   849843 13008334  1042702]
56,"[  976199 13115501   963835  1023226  9803545  1042702   900586  1107661
   855544  9655212]"
57,[ 861615 1048563  869024  986912 6904666]
58,"[ 840361 1058997 1126899  862349 1070820 1062128 1104343 1075074 8014645
 1092446]"
67,"[ 908531  826249  833025  951590  914190 1104414 5568729  831063 7168026
  951197]"
71,[ 908531 1092026  914190 1132280]
74,[1133018  827683 1109352 1058021  899459  986912  845208 1098248 1105488]
77,"[ 908531 1106523 1038217  893018  849843 1126899 1070820 1003188  836281
  989249]"
78,"[ 849843 1132770 9420312  995055  920308 1003836  904493 9420336 9573206
  968932]"
80,"[ 840361  896369  833025  909894 1129576 1003188 1103741  948254 1005186
 1039156]"
86,[  865026  1091365 13506200  9707240]
97,"[ 840361  871756  833025  914190 1046584  987562 1041796 1009368  933527
  999858]"
98,"[ 923746 1043590 1065593 1023958  928049  953476 1113588 1128647 1041476
  920308]"
101,"[ 1133018   833025 12949590  1007911   909894  1048462  1076738   873874
   940766  1119089]"
104,"[5569327  838186  916381 1074754 1130458  990797 1042438  914190  908064
  892844]"
105,[ 883404  923746 1096036  844179  948650 1004906  957741  850614]
109,"[1058997 1129709  862682 6979345  845319  873203  962609  847521 1135886
 6979808]"
110,"[1133018 1106523 1068719  994928  859075  871756 1083787  922907  927191
 1070015]"
113,"[  840361  1005184  1070820   976199  1003188 12577242  6039687   833458
   962970   916122]"
114,[1095040  827570 7025203]
117,"[1068719  840361  867188  862349  852360 1050229  909338 9571047  910439
 1078346]"
118,"[ 893018  896369  849843 1058997  915617 1135460  856788  972456  943858
  847789]"
119,[ 940700  947146 1105488 1002771  825994  940947]
123,"[  826249   840361  1056509   849843   911812   851865  1101567   916122
 12301405]"
127,"[ 883404  908531  923746 1068719  840361  865456  886703 1118787  914190
 1123146]"
131,[1055646]
133,"[1104414 1034956 1103741  945456 7024830  977867  866211  962568 1003600
 5568228]"
136,[1106523 8090537 8090521 1096036 1089766]
139,[ 879755 1107553 1058997  866211 1005898  968695]
149,"[ 883932  876504  862349  908489  999104 1070820 7168026 1093334 6533936
  892503]"
155,[  883404 12648296   979877  1128271]
157,[9296804  919589]
158,[ 1077555   862349  1025641 12731714  1128240]
159,"[ 994928  849843  985119  857849 1062001  855468  934639 1086483 1004906
  883963]"
161,"[ 826249  859075 1038217 5568378 1102959 1096036  833025 1065593  868764
  953476]"
164,"[  883404   840361  1096036   983584   849843 13115493   968932  1058554
  1081421   954495]"
165,"[ 994928  840361  862349 1096792 9553031  944534  896613  899624  979707
 8065410]"
166,"[1110572 1053690  885697  951590  896938  914190  935570 1075368  880888
  944486]"
178,"[1085604 1110572  844165 1053690 1092026  859075  925258  972312  943169
  967461]"
184,"[  923746   848319   896085   821083  1056746   843464 14077333   844179
   845208  1117514]"
192,[ 826249 5569230  867188  990797 1082212 1094955 1002850]
193,[8090537  913414 1125199 1104205 1015597]
198,"[ 883404 1133018 1106523 1068719 1038217  870547 1043590 1065593  953476
  864774]"
201,[ 859075 5568378  999971 5569327 5568721  930917  891505 1138292 8205218]
208,"[ 865456  998373  885290 1040781  879504 1102067  927783  914190  885307
  820361]"
209,"[ 923746  826249 1068719  865456 5568378  963971  849843  898980 5587656
 5590613]"
211,[1133018 1068719  962229  832678  907466 1006878  841266]
212,[8090521 1056509 1094955 1096317]
214,"[1055853  899446  872729  838258 1003441  972569  852600  896444 1019643
  915586]"
216,[1090676 6533936  974204 6391381  986912 1125278]
218,"[  923746  8181477  1097001   931672  1012816 13842088   962568   860776
  1052912  1074333]"
219,"[ 951590  879504 5569374 5568447 1135834  882604 1061203 1126890 1005911
 1122889]"
220,[ 923746  859075  833025  960984  874061  858042 9553031  866211]
221,"[ 883404 1133018  849843  911470  844023 1045220  956284  867667  859026
 1070463]"
222,"[ 1061220   849843  1126899   960984   874061   927191 12524323  1094308
   844685  1130111]"
230,"[ 883404 5572828 8090537  859075 1114597 6534035  941183  847049 1053058
 1005186]"
232,"[1133018 1106523 1068719 1092026  840361 1016800 5592931 1118533  953476
 1037340]"
235,"[ 838186 5569471 8293343  843346 1070820 1062128 5568729  862732 1047769
 8293385]"
239,"[1133018 1106523  840361 1096036 1043590  857849 1081355  915041  976998
 1120741]"
242,[ 7139529  1109136  1138487  6979803   853643 12810393  1138443]
243,"[1126899 1135044 1037451 7467081 5566697  866211  962568  901062  860776
  909714]"
248,"[  849843  1058997  1126899 13417846   913210   977166   929751  1052046
   948254   878996]"
249,"[ 883404  826249 1106523 1053690 1068719  994928  943233 5568378  893018
  965766]"
250,"[8090537 5568378  942525  885697  951590  883932  923967  927291 1128016
  985427]"
253,"[ 879755  834103  923746 1138189 1133018 1106523  844165 1068719  859075
 1076056]"
256,"[8090521 5568378 5569327  862349 7025326 1002178  861272  843756  964520
 1012284]"
257,"[ 883404 1106523  994928  859075  988693  985119 1033615  834833  987562
 1132770]"
263,"[ 883404  826249  994928 1038217  965766  867188 1004390 1014238  889774
 1067185]"
276,[1085604  826249 8090521 1005609  951590  857849  885307 1022003  944534]
281,[ 908531  833025 1083721  940766  995785  854852 1018050]
282,[ 861272 1130581  911088  979707 1013389]
283,"[  826249  5569471   990797  1070820   914190  5568729  1110218   865705
 15926775  1002838]"
289,"[12384177  1104343   976199   964011   916050  1081853   879445   880228
  1098248   986947]"
290,"[ 923746 1068719 5568378 1096036  988693  909894  995230  823758  898980
 9420312]"
294,[ 908531  965766  838186  873627  871722  907631 1137387 1048237  905087]
300,[ 883404  923746  826249 1106523  951590  998373  989935 1128744  858918]
301,"[5565322 1082212  875396  898510 1014458 1102927  996955  986612 1087102
  933835]"
302,[  906838   892531 10344586   866025]
304,"[1107553  923746 5572828 1068719 5568378  965766 8090532  833025  983584
  868764]"
306,"[ 883404  923746  840361  865456  954363 1050229  896085  873874  852864
 1056746]"
314,"[1124674  849315  945273  833556  905582 1107089  878880  820560 1005911
 1043973]"
317,[  965766   951590   913278   849870 12301109   883003]
319,"[1106523  994928 1056509  913785 1050229  976199 1012816 5592993  844179
  916122]"
321,[ 840361 1077555 1058997  944836  901062  979707 1070538]
324,"[ 1070820  1010681 13007846   888178   986947   903800   961554   903325
  1033142   832001]"
325,[1053690  976199 1013389]
329,"[1134174 1136257  943393  938566  952254  951907  987724 1043064  926692
  898612]"
332,"[ 923746  862349  859010 1052046  873654 1081853 1059593 1007116  975644
  926597]"
334,[ 852360 1125391 1027569  826144]
346,"[ 984715 1022003  838097 1101449 1120532 9913338  934639  912704  819978
 1101010]"
350,"[ 834103  885697  999714  873627  907631 1110244 1110843 1091365 1044078
  986912]"
351,"[ 923746 1133018 1106523 1038217  865456  870547  951590  883932  984715
  853262]"
353,"[ 885406 1009128  871611  866211 1105488  901062  909714  847270  900703
  863699]"
354,"[ 1085604   826249   962229   859075   870547  1115175  1095068 13512017
   849870   823176]"
358,"[1110572 5569230 1106523 1068719  957951  913785 1053754 5568489 1136257
  976199]"
361,"[ 826249 1133018  962229  859075  840361  865456  965766  833025  883932
  857849]"
362,"[  923746   883202  1070015  9296804 12731714   986912   993638   986947
   891141  1022254]"
367,"[ 862349  856435 1070820 1047769 1135096 7025106  856345  823775  999891
 1058021]"
371,"[ 859075  840361  833025  913785 1071939  951590  914190  893501 1050229
  828143]"
377,"[ 840361 1004390  818980  955587 1126899  994223 1062782  893802 1077490
  979566]"
378,"[9878513 9571047  954642  819765 9483663  967476 1005186  944534  916122
 1003600]"
381,[ 859075  834117 1110764  933835]
385,"[ 840361  833025 1071939  837107  856252 1087102 5591520  933835 1101010
  914577]"
386,"[ 883404  826249  844165 1092026  868075 1038217  896369 1061220 1118533
  823758]"
387,[ 1126899   873527   902856 10456575   916122  6602729   961554]
389,"[ 840361 1058997 1126899  970119 1055853  916993  829852  896444 1104343
  902167]"
390,[5569230  951590  883932  832678  888543 1072693]
392,"[ 999104  952254  963835  930344 1061203 1028473  945805  878285  836645
  916122]"
395,[1053690  986912]
400,"[ 883404  923746 1056509 8090536 1070782  872137 1109136 1110218 1049897
 1121384]"
404,"[1110142  902167 1022374  926065  901452  905913 1092588  979707 1033142
  870515]"
409,"[ 840361 1070820  836286 1047226  873654 1013187  856345 1090017 9522453
 9522352]"
410,[923746 826249 849843 969866 948650]
411,"[ 923746  826249 1106523  893018 1056509  951590 1094308  902172  972931
 1039126]"
412,"[ 1133018  7167853   860975   849098   996009  1005186  1110843   830582
 12731544   945909]"
413,[ 923746 5569230 1106523  835243  970160 5565352  986912 9926758  854852]
417,[ 896369 1065593 1023958  967395 1123792  962568 1119051  895268]
418,"[1058997 1117336  990688 5591154 1003188 1048068 1022340  853643 1134161
  983316]"
426,"[ 862349  954642 1123086  898847 1011926  891752  899682 1005186  945909
  834129]"
432,"[ 883404  994928 1043590 1065593 8119303  882441 9526313 1041476 1009200
  889779]"
434,"[1068719  840361 1130458  976998 1081189  845109  837751  923208  943088
 1046587]"
437,[ 859075 1071939  849843 1136257  913210 1139525 1004906  962568  961554]
438,"[ 840361  951590  902172  873902 9881593  951197  962991  899624 1055646
  860776]"
441,[  976998  6533681  1038985 12810393  1124971  1001412   844697]
442,[1085604 1005186 1110843 1091365 1063207 1007136  962568  961554]
443,"[ 923746  833025 1056509  867188 1077555 1071939 1044895 1112598 8014645
 6463775]"
451,[ 925862 1040935 1068292  916122  934639 1037863  860776]
454,"[ 883404  908531 5569230 1106523 1053690 1068719  871756 1096036  833025
  999971]"
456,[1043494 8090536  907631 1017363  881917  901916]
458,[923746 849843 843756]
460,[1078346  834484 1052912]
462,"[  840361   914190  1128244  1045586 12731714   986912  1137775  1106073
   921504   962568]"
464,"[ 923746 1056509  867188 1071939 1094619  957013 1096343  912553  855468
 1098692]"
469,"[ 1053690   840361   862349   907392   993466  9677202  7139529 12263788
   932006  1009719]"
473,"[ 994928  868075  896369 1056509  988693 1080155 1071939 1053016  946964
 1035207]"
483,"[1106523 1043590  870980 1120741 1111072 1118033 5590695 5981074 1112598
 7407023]"
484,"[ 1136257   927191   854483  1031083  1108854 10456575  1071759   946839
  8293447  8273833]"
485,"[ 923746  844165  926909 1071939  951590  840601 1083787  845193 1030362
  845705]"
489,"[1023958 5569374  916993  843756  990688  850834  846301 1058068 1077430
  858743]"
490,"[ 1051211   965766   944317   925626   863506   907631 13512017   865511
   951197   895652]"
491,"[ 862349 1104343  976199 6533936 9419888  962568 1062002 1055504  903325
  951412]"
493,"[ 991951  965766 1115175 1075313 1024731  873627  894511 1101173  911812
 1077490]"
510,"[  862349  1070820   848319  1019643  1036501   850676  1048272   967476
 10284966  1027569]"
513,"[ 8090532  5569471   821083   865026   900586  6534077  1017982   844179
 12810422  1132771]"
518,"[1102959  990797  862732  913210  844179 1137775  962568 1055646  961554
 1014948]"
523,"[1110572  895070 1091858 1116770  897088  884686 1056651  974204  970619
  837644]"
526,[1085604  991951 5569230 1037894  931672 1002558 1103618  982960]
527,"[  861272   955075  1134732  1046584 12988031  1096792 12673243  1011926
  1048563  1059308]"
534,"[ 898980  862349  861272  927191 1081189  995055 1117500  847789 1130111
 1059308]"
540,"[  989830 12384779  1047769  6391381   842769   941472  6602729  1039156
   995785   860776]"
542,"[1106523  844165 1068719 8090537  840361  965766 1065593  849843  845705
  916122]"
543,"[ 1113588   902192   923149   822517   989409 12349795 12754036   826597
  1046827]"
548,"[1012913  824073  878775  998549  860776  854852 1101706  847270  870515
  970202]"
553,"[ 883404  844165 1053690 1068719  859075  916381  885697 1065593  868764
  951590]"
560,"[5568378  870547  833025  849843  861272 1022003 1130763  836393  945273
 1094955]"
567,"[1133018 1106523  844165 1092026 1038217 1043590 1076875 9420312 1070015
 1123014]"
569,[12428017  1028473  1065380]
574,"[ 908531  983584 1005609  914190 5568721  897752 1079228  898212  828867
  891505]"
575,"[ 883404  826249 5569230  953476  862349 1012307 8090536 1059891  871440
  912004]"
578,[1012284  868423 1081189]
582,"[6391381  995785  962568 1119051  854852 1117514  847270 1080853 1043301
  845715]"
583,"[  844165  1053690  1092026  8090521   870547   999971  1029624  1120741
 12302069   906830]"
586,"[  883404  1092026 12263234  1102067   861272  1133072  1101173  1077490
   925626   863506]"
588,"[ 883404  908531  826249 1133018 1053690  859075  943233  893018 1096036
  913785]"
593,[ 923746 1106523 1038217 5592931  846760  865634  939442  900802  921288]
595,[1107553  883404 1106523  881608  945779  865891]
596,"[1106523 1068719 1043590 1022827 1104649 1084331  876932 1025581  831712
 1084036]"
597,"[1068719  893018  892008 1134522  849843  878445  950206  866043 5572738
  945652]"
598,"[  923746   965766   963727   920145  1050310   986187   829852   850834
 12731544  1004906]"
601,[1126899 1037332 1021715]
605,"[ 1126899   899446   872729  9655528   976998   938841  5591154   993441
  7433888 10122036]"
606,[ 919180  990688 1118479  967395 1026118]
608,"[1106523  840361  913785  857849 1059902  834491  856060 1038462  941856
  977508]"
609,[1106523 8181477 8090537 1015974  868015  898601 1005186]
614,"[ 840361  965766 1130458 1059347  889618  902172  852864  929668  838097
  975633]"
621,"[  923746   943362   960528   844179 13506200  1137775  7024871  7024927
   879876  1107039]"
622,[ 826249 1011300  855138  987724  868401 1031260]
623,[ 923746  909894 1082310 1058779  934427]
624,"[  908531   923746  1133018  1106523   994928  1038217   896369 12949590
  1043590  5592931]"
630,"[1077555  862349 1070820  976199 1106271 6464147 6443350  880895  871611
 1138443]"
631,"[1071939  849843  987562  957013 1102845  927191 1111722 9571047  954642
  937413]"
644,"[  862349   821083 12263788  1077975   894968   939636   969494   834484
  1033142]"
647,"[8090521 5568378  833025 8090509  951590  999714  914190  893501  930344
  873902]"
660,"[10121965   830887 12648967  1067749   888431   963336  1043787  1125199
  1019078  7025203]"
661,"[1110572 5569230 5568721 1044805 1022757 1139471 1001827  901762  904359
 1004596]"
670,[ 914190  997907  885406 5565202  857503]
671,[ 840361 1038217  951590 1022003  913490 1083721  843259 1067606]
672,[ 908531  859075 1118533  849843  859010 1117500  961554]
675,"[1133018 1106523  844165  965766  883932 1127025 1004705  920145 1059902
 1036289]"
680,"[ 923746 5572828  962229  867188 1126895 8090513 1054747 1056746  945805
  899624]"
685,"[ 883404  967395  948420  976864 6534077 1056651  896617 9483663 1044078
  844179]"
690,"[ 883404  826249  849843 7441419 1044078  850925 1037840  962568 1037863
 1137284]"
692,"[ 862349 7025106  873887  871611  992529 1037337 1055646 1119051 1055504
  961554]"
693,[911812 979707 821695]
695,"[ 1090676  1115175   993639  1130763   882496 10456575  1101567  6463789
 12324841   945805]"
696,"[ 923746  983584 1126899  976199 1121384  894401 1003188  948254 1048483
  868971]"
699,"[ 826249 5569230  962229  868075  844759  883932 1053016 1078763  917033
  902172]"
706,[1053690  893501  858711 1087102  933835]
707,"[ 923746 5569230  859075 5569471  886703  914190 1136257 1034686  926796
 5585701]"
708,[12524174  1010164  1107538   848071   932179]
712,"[ 826249  885290 5569374 1070820  914190 5570383  872137 7168026  902172
 1006878]"
714,"[ 883404  826249 5568378  896369  913785 1043590  987724 1104584  944139
 1124695]"
715,"[  883404  1133018   994928   969205   909894 12731544  1040807   885863
  1081177   962568]"
716,[ 860776 6034857 1028816]
718,"[1085604  883404  908531  994928  859075  840361 1038217 1096036  999971
 1071939]"
722,[878290 920958 916122 857503]
725,"[ 826249 1068719  994928  871756 1038217 5568378  893018 1096036  896369
 5569327]"
731,[ 1053690   859075   868764  1071939   893501  1005186 10204392   847982]
732,"[ 908531  923746 1058997  843756  942778  848319  976199 1103741  825618
 1131558]"
733,"[ 923746 5569471 1008626  828857  879635  890612 5566472  839818  843306
  989935]"
740,"[1102067  900842  914190 1055737  993441  916122  904360  866211  995785
  962568]"
741,"[ 857849  903738  976199  977545 1008316  874643  919427  916122  995785
  962568]"
742,"[ 879755 1133018  844165 1053690 1092026  896369  892008  944317 1076875
  882441]"
752,[  938566   856515 12810422]
753,[ 914190 1030362 1000908  961554 1026118]
755,[1058997 1137775  962568  857503]
761,"[ 923746  826249 1053690 1068719  859075  957951  990797  914190 1136257
 6464165]"
762,"[ 1011300   900112 10345155   862349  1005186  1091365  1063207  1022097
   951412  1006184]"
764,[  923746  1052046 12385374  1014458   878996   961554  1051516]
766,"[ 868764  848319 1057260  995785  962568  901062  860776  961554  903325
  834484]"
768,"[ 844165 1053690 1092026  994928  859075  896369  856772  857849 1023958
  922907]"
771,"[ 994928  840361  833025 1077555  868764 1139827  953476  914190 1136257
  987562]"
779,[1057260]
784,[1110572 5569230  912681  939442 1055646  979707]
785,"[1126899  862349  850058 1037332 6533681  825703 6602697  962568 1051516
 1026118]"
786,"[5569230 1133018 1065593 1058930 1042438 1050229 1022003  976998  827671
 1101174]"
787,[ 862349  999104  922318  863664 7025114  950557 1031831 1039156]
788,"[ 844165 1038217 1043590 5995180  948190 1024051 1108168  884774  934676
 1044078]"
790,[ 902856 1130763  887342  990984  949991]
797,[12988031  8014645  1092588  9835509]
800,"[ 1065593  9677202   976998   967395   839188 13115501  9677236   929668
  1115358  1058686]"
802,[827667]
803,[1104649  976998]
806,"[ 893018  835243 5590613  897125 5592610 1130111  985234 1081582  962206
  835285]"
808,[ 879755 1110572 7409670  844165  947658 1036501 1014948]
816,[1054539]
817,"[ 862349 1070820 1121384  909129 1060408 9523079 6463752  939527 1092588
  913894]"
825,"[1058997  843756  942778 1110142  858743 6034857  854852  961554 1028816
 8290421]"
831,"[ 952317 5568378  856772  951590  999714  957736  890695 1069003 1064213
  852572]"
840,"[ 5591154  1090884  1038985  1131310  1117393 12301405  1054123   860776
   857503   908318]"
844,"[ 840361 5566472 1027090 9396821 1003616 8014645  967476  891542 9835509
  961979]"
845,[ 861272 1134732 1111786  904833]
852,[1058997 1126899  862349 1070820  976199 1048260]
853,"[1058997  977344  861272  843756  871722 1058554 1100728 1077975 6602729
 1119051]"
856,"[1068719  994928  871756  942525  984715  903230  990797 1062001 7025106
 9419487]"
857,"[5569230 8090537 1051211  856772  883932  831063  976998  967395  976214
  996259]"
859,"[5569230  840361  951590  883932 1050229  986760 1022003  948420 1011920
 1132231]"
863,[ 840361 9707137  916122]
864,"[  883404   870547  1096036   833025   927191   868401   828867   909761
  1044078 12810393]"
865,[1106523  899624  857503]
866,"[ 883404  908531  923746 1133018 1106523 8090537 1092026  994928  870547
  983584]"
867,[1071939 6396581  916122  866211  962568 1051516 1134398]
868,[ 826249  834117 1022097  912704 8069350]
871,"[5569845 1104343  839243 1105488 1055504  961554  903325  979707  835098
  930603]"
875,[1092264]
878,"[1133018 1106523 1038217  988693 1043590 1134522  951590 1033615  985893
  851508]"
879,"[ 840361  844759 8090536 5568729  999198  838487 6534030 1029504 1064945
  844179]"
882,"[ 908531 1092026  833025 1005609  985427 9297017  898212 1083721 1054216
  934156]"
883,"[ 840361 1005274  872137 9420181  844179  916122  995785  962568 1037863
 1055646]"
886,[1096036]
888,"[ 826249 1051211 1110142  913210  862682  859010  830887 1003188  958700
 1013187]"
889,"[ 1126899   970119  7025326  1102067   916993 10121965   999090 12263035
 12524323  9297474]"
895,"[  999104  1081189  9881592  1085031  1120443 12349795   866211   879528
  1112238   908283]"
898,"[ 955075  848319 1012284  868423  824305 1057260 9187298 1011926 1071277
  977543]"
900,"[ 923746 5569230 1133018  890536  986760  976199 1106091  900586 1107661
  844179]"
906,[ 909894 1113141 6773204 5587938 1137507  860703  911974 1048237  995785]
908,"[ 862349 1136257 1104343 1057260  897125 1074697 1060408  916122  854852
  961554]"
911,"[ 848319 1092303  995785  962568  901062  860776 1024306 6034857 1117514
  903325]"
914,[ 863802 1073150  823721 1007136 1002771]
915,"[ 923746 1068719  954642 1057260 1043006 1081853  837167  845208  853354
  849809]"
920,"[ 923746 1133018 1106523 1097001 1092026  994928  859075  999971 1061220
 5592931]"
922,[1058997 1132198  847207  870515]
926,[1037451 1134633  993441  858743 1138443  995785  903325 1101706 1097418]
929,"[ 883404  908531 1068719 1092026  840361  845193 1010190 1088191  890695
 1009200]"
932,"[5569230 1133018 1106523  844165 8090537 1092026  868075 8090521  838186
 1012873]"
934,"[ 908531 1133018 1106523 1068719  840361 1077555 1065593 1071939  953476
 1002558]"
939,"[1085604 1106523 1092026  859075 1043590 1023958  871876 1029624 9420312
  870980]"
941,[835004 885463]
946,"[1133018 1068719  849843  832678  998373  909894 1075470 1074499 1082310
  845109]"
947,[12731544   895930  1101010  1081177]
949,"[8090521 1039589  828857  880253  879635  890612 1117336 1135768  850841
 9573206]"
955,"[ 859075 5568378  916381  913785  969205 1103629 1008673 1036289  824546
  940700]"
956,"[ 923746  849843  821083  944534  948650  939900  986912  995785  845208
 1022254]"
960,[886395]
968,"[ 883404  844165  859075 1016800  833025  983584 5569327 5592931  849843
  953476]"
971,"[10121965  1133072   895540  1081582   947292  1081177   866211   979707
   938187]"
973,"[ 870780  839243  879280  835278 1129671  849315  836393  945273  846907
  879506]"
976,"[ 859075 5569845 1039589  977344  914190  870780 5568729  849315  836393
  945273]"
979,"[5568378  965766 1000050  843306 1034956 5570109 5995503 5995609  893221
 1071342]"
982,"[ 826249 5569230  962229  885697  981521  951590  939546  863030 9677202
 1070272]"
983,"[  883404   865456  5568378   867188   834117   919948   873654 12384365
  1029504   822407]"
986,[ 844165 1065593  849843 5572220 1098910 8205418]
992,[ 977166 5995597  929751  849098 1005186 1063207 7431990  994891]
993,[1108152 1005186 1117393  933835 1101010  971922]
996,"[ 883404  923746 1133018  994928  896938  954351 1040807 1043751  845208
  905539]"
1001,[1051211 1125382  903183 1060673]
1004,[  913785 10344971  1043730  1046587  8203451]
1014,[883404 976199 901666 883963]
1015,[ 1037332  1058068  1125943  1005911 10455984]
1018,[1053690  952317  838186  862732]
1020,"[  826249   965766  1037332   994223  1070820 13008334  1041796   902167
  1040346  1096343]"
1024,"[ 1106523  1053690  5568378   999971  1056509   885697   918335 15926886
  1133312  5591170]"
1040,"[ 5569471  1126899   999090 12384431   917654  7409907  1096792   957420
  1124818  1093966]"
1041,"[ 883404  923746 1138189 1106523 1068719  871756 5568378  870547  913785
 1007191]"
1042,"[1096036  862349  893501 1110142  987562 5569098  976998  987724  921744
  997907]"
1045,"[1068719  840361 5568378  965766  834117  822407  931777 1124695  923673
  961554]"
1053,"[1022757 1002130 1005186 1110843 1091365 1137775 1107839  971922  847270
  835279]"
1057,"[1107553 8090532  916990 1058997  892531  936924 9859128 1022757 1088147
 1098310]"
1062,[ 883404  984677 1127624  879152]
1066,[ 989101 1035536  944534  962568 1037863 1022254  924352]
1069,[9419443]
1070,[  908531   828857   908489   968774   890612 10254584  7167945 10285141]
1074,"[  908531   965766   867188  1074754   974306   914190  7442180 10344585
  7166865   892531]"
1076,[ 999714 1036347  838487 1101173  999858 1033142]
1081,"[1056509  876504  912137  924423  925862  927860 1077490  970409 1035843
 1043064]"
1082,"[ 883404 1133018 1092026  994928 1111839 1110042  976998  962118  870980
  968057]"
1084,[ 981521  951590  953476  967395 6704207  847241  843744]
1091,[859075 840361 965766 930917 932863]
1094,"[ 840361  871756 8090521 5568378  833025  856772 1126895 1042438  839243
  896085]"
1103,"[ 1012913   856942  1013407   941033   997988   862535 10285185   994868
  1027569]"
1113,"[1058997 1126899  843756  942778  888178  917543  916122  845208 1119051
  909714]"
1123,[ 962229 1036347 1041796  852856  860776  834484]
1128,[5592931 1011578 1123792  885406 1029504 1119051  825541]
1130,"[  923746   844165  1068719  1007191   965701  1044078   844179 12731544
  1068292  1093413]"
1131,[ 883404  844165 1092026 1076875 6979427  835347 1075368 1033142]
1135,[9487606]
1137,[ 849843 1058930  885290 1023958  914318  920308  860975]
1138,[  957951   882441   870980  1120741  5568721 15926886   885430]
1142,"[ 840361  958137  861272 9677202  986760  957013 9878513 9445919  948420
  883202]"
1146,"[ 883404  923746 1106523 1068719 5568378 1134522  985119 1103629 1033615
 1111839]"
1147,[1106523 1068719  965766 1016800  870547  930917  829001  968687  845774]
1151,[  923746   832678  1112754  1122358  1136524 13189919  6602697]
1154,[1053690 1089074 5592734 1089025  844441 5591359 1016129]
1158,"[1133018 1106523 8090521  943233  988693 1109374 1135460 1114604  938841
  897953]"
1159,"[1119060 1078346 7025106  848154 1081177 1119051  961554  903325  987838
  913894]"
1160,"[ 923746  826249 1133018 1106523  844165 1068719  859075  840361  871756
 5568378]"
1163,[ 962229  859075  840361  914190  989935 9553031  960142]
1164,"[1093359  899446 1070820  972569 1059891 1077975 1110843 1069714  986947
  901062]"
1166,[ 1068719   849843  1060408   967476   923559   961554 10180324]
1167,"[ 828857  908489 1051093 1124674  890612 1070820 1063577 1082212 5572738
 1017363]"
1169,"[ 844165  859075  916381 1043590  857849 1111839 1047968  898980 1074499
 1002558]"
1172,[923746 868764]
1175,[  995358   907099   918907   926692 12384365   968759  7166791   908318]
1178,"[ 994928 1110142 6464165 1104343 1109352 9553031 1004906  962568  845208
  961554]"
1179,"[ 908531 1053690  962229  859075 5568378  883932  914190  912860  922651
  861279]"
1186,"[ 872137 1094924  962568 1024306 1055504 1057102 6034857  903800  869857
  847270]"
1188,"[ 883404  923746 1092026  859075 1005609 1077555  991948 1037340  987724
  882441]"
1190,[ 883404  844165  840361 8090521 8119303 1106301]
1197,"[  951590 13841744  9859111   843346   914190   856252   940766  1117393
 13842090 13842214]"
1218,[ 840361  968774  895070  893739 1070820  887102  916122  901062  909714]
1222,"[5569230  951590 5568489  914190  831063  864774  837644 1044078  916122
 1040807]"
1226,"[ 826249  859075  840361  833025 6396581  913210  834117  977166 6464208
  948254]"
1228,"[  883404   923746  1068719   859075   840361  5569471   896938 12262992
   860528   900418]"
1229,"[  977344  1062128   914190  1136719   821083   916122  1109014 12171656
  1137775   933835]"
1234,[8014645 1043837  855325  958046  854496]
1236,[5569230 8090521  965766  999971 8205218]
1240,"[5569471 1126899  880427 1062128 1049906 1106271 1085137  822226  944836
 1081177]"
1247,"[ 998373  835278 7168026  886395  991546  851147 1034955  916122  921504
 1004906]"
1248,"[1106523  951590  903123  972931  925862  941183  865511 7167687  863885
  888054]"
1256,"[13007435   943393  6391381  1122115  1005186   944836   878996  1105488
  1137688   979707]"
1258,"[1051211 5569471  908489  852600  999563  821787  852856  950098 1132771
  901062]"
1260,"[ 999104  971807  941198  947441 9859128 1092303 1043973 1027569 1098248
 1055504]"
1261,[ 883404  907625 1109805 1004909]
1264,[1107553  883404  826249  859075  893501  874736  955043]
1267,"[  970119   968774   861272  1124674  1005186  1110843 13842090 12171656
 13842214 12456375]"
1268,"[ 957951  868764 1070820  893501  955431 5567702 1128016 1069003 1110244
 7168058]"
1270,"[1106523  835243 1072523  896613  997096 1037863  845208 1026118  900802
  848071]"
1272,"[ 902167 1037451 1075074  843656  904833 5567876  916122 6602697 1039156
  962568]"
1285,"[ 908531 1133018 1106523 1065593  835788 1069621 1101173 1035676  831390
  827271]"
1291,"[  826249   962229   988693  1126808 13008334 13007435 13007846   969687
  6464208  1068258]"
1296,[ 826249  914754 1004385 1129610  889649 1058021 1005186]
1297,"[ 825494  970160  985999  995785 1037863  878996 1117514 1026118  847270
 1003600]"
1299,"[ 883404  840361  896369  902167  896085  897125 7409918  889649 1016129
 1083840]"
1300,"[ 923746  833025 1126899  893739  914190  836393  945273 1052046  946788
  853448]"
1305,"[ 908531 1138189  826249 5569230 1106523 1092026 1135868  983584  999971
  856772]"
1306,"[1068719  859075 1096036 1065593 1134522  849843  951590 1112754 1104649
  896761]"
1316,"[ 1092026   962229   965766   870547   896369  1134522   925626 13876901
   829001   919534]"
1318,[ 1007269   963835   925862   983278   979239   854852 13071902  1075707]
1321,"[1133018 1106523  893018  915041  986327  935284 1123014 9487927 1044078
 1037337]"
1326,"[1107553  883404  908531  994928  868075  871756 1038217  833025  983584
 1056509]"
1333,"[1126899  856435 1115175 7155863 1128016 1069003  882604  828867  999965
 1117393]"
1337,"[ 908531  923746  994928  859075  840361 1139827 1057365  874061 1103741
 1130468]"
1352,"[ 840361 1037451  871722  945273  911812  850795  878880  840227 1031087
 1077430]"
1354,[ 883404  994928 1038217  965766  968057  887691]
1357,[ 970119 1110142 1058068  860975  983897]
1364,[ 927400 1005186 1022254  835098]
1367,"[1073150 1053690  859075  868764  962950  862349 1070820 1104414  839243
  911812]"
1369,[1126899  985889 1011926  823775  845307 1098248 1119051 1026118  824180]
1370,"[ 826249 1133018 1106523  840361  965766 1088191  838010 1119060 8090539
 9553031]"
1376,"[  883404   826249   833025  1005609   871279   914190   824073  6534077
   999858 12301109]"
1378,"[ 861272 9297474 7409918  991435 1029112  909750 7408211 1062002  909268
  912451]"
1382,[867188]
1388,"[ 826249 5569845  916381 1076875 1010190  865705 5591170 7168058  857697
  916122]"
1389,[ 885290 5568447]
1391,[1068719 5587938]
1393,"[1058997  926796 1054080  956672  843171  995785  962568  986947  901062
 1119051]"
1394,"[ 862349  872137  990762 1024731  873887 1022097  852856  860776 1119051
  961554]"
1397,"[1106523 1068719  840361  981521  951590 1068708  995876 1020962  889774
  993617]"
1402,[ 923746  849843  998373 1057260  937292]
1412,"[ 965766  832678  885290  888543 9677202 5570383 7441498 1078652 9487606
 1044805]"
1419,"[1085604  908531  923746  826249 1133018  859075 1038217 5568378 1126895
  857849]"
1421,"[1053690 1092026  962229 8090521 6534480  840601 1083787 1076875  909396
 7166861]"
1423,[13008334   878445  5981267   986947]
1425,"[  908531  8090537  8090521  5568378  8090509 13841744   845193   996156
   933835  1101010]"
1428,"[ 883404  826249 1068719  840361  833025  983584  849843  987724 1003188
  948254]"
1429,[  926909   919948 10285243]
1430,"[  826249  1068719   885290  1050229   883202 13115501  9571047   926206
  9858847  1077359]"
1437,"[ 883404 1068719  859075  840361  893018  849843 1054814  853095 5592734
 1045515]"
1443,[1063907]
1445,"[ 840361  833025  839243  852864  911812  929668  951197  905913 1044078
  916122]"
1451,"[ 923746 1068719 1070820  914190 1003188  916050 1081853 8249365  869604
  903077]"
1452,"[  923746  1133018  1111839   931532   995055   920308 10457128 10285144
  1039156]"
1453,"[ 1138189  1058997  1062128  1113141  1005186  1117393   916122   852856
 12171656  1043787]"
1454,"[ 840361 1077555 5569374  914190 1050229  976199  835278 1135096 1027569
 1087102]"
1461,"[ 871756 1096036  988693 1112754 1008626 1059902  878445  918733 1009200
 1012873]"
1462,"[ 1136719   878775  1065061   825618   961021   822049 10254382   945805
   915349  1088393]"
1467,"[1085604 1110572 1037894 1097001 7409664 1069175  859237 5569327  890536
  931297]"
1470,[  862349  1070820   993466 12670635]
1474,"[1106523 1053690 1092026 5568378  856772 5570408  883932  928049 1076875
 1027068]"
1475,"[ 865456 1056509  963971 1071939  914190 1057260  868683 1059969 6533608
 1038684]"
1479,"[ 879755 1110572  883404  908531 1138189  863802 1133018 1106523 1053690
  906262]"
1481,"[ 840361  965766  849843  857849  885290 1111839 1008673  838487  940700
 1017195]"
1483,[1085604  883404  923746  899617  844179 1128240 1004906]
1484,"[ 840361 1058997  942778  987724  929668  944836 1004906 1098248  860776
 1137688]"
1485,[13842090 13842214   953561   971922]
1488,"[  883404   923746  1053690  5568378   892008   845705  6773230   941033
   859026 10285185]"
1491,"[ 965766  951590  876504  912137 1135694  925862  830156 1125382 1115576
  847066]"
1492,"[ 1068719   994928   849843   976199  1105623 12731544   962568  6904666
  1055646   961554]"
1494,"[ 883404  923746 1068719  840361  913785  981521  984715 1004390  857849
 9487603]"
1499,[ 912137  914190  872137  845319  850795  878880  840227 1088147 1088393]
1505,"[ 1065593   868764   967395  1134379  1105917   984669  1005186 12301405
  1137775   883003]"
1509,[1016800 1031447 1088634 5578547  844697]
1517,"[  908531  5569471   832678  1070820   914190  7442180   914754 13115548
   968932  5995692]"
1527,"[ 1068719   840361   951590   914190   916050   873654 12428017  7410168
  1087102   866211]"
1528,"[ 908531  923746 1053690 1065593 7442180  920844  947797  997200  866211
  968687]"
1529,"[ 1106523   993466  5568191  1012913   905868  5587938  1013770 13007357
  1098692   883218]"
1534,"[ 947658 1058554 1074362 1104584 1040927 1079292  835285  881154  982799
  861819]"
1536,"[ 844165 1092026 1074754  868764 1076875  823721  894511 1101173  932503
  857697]"
1537,[1106523  870980]
1540,"[1110572  883404  991951  844165  838186 1130777 1134522  845193 1113588
 1132770]"
1541,[5568729 1130763 1048383  999965  924804  916122  961554  940947]
1545,"[1106523  839243  972931 1015694 6463775 1101502 1055646 1098248  882247
 9836195]"
1549,"[1133018  994928 1076056 1043590  849843  860975  986912  939442 1055646
 1051516]"
1556,"[1068719  840361 1096036 1071939  845705  862732 1075074 1040346  873654
 1117500]"
1557,"[1110409 1098248 1062002  860776  909714 1117514  903325 1026118  987838
  900703]"
1563,"[ 957951  976199  904092 1104695  916122  962568  860776 1119051 1055504
  854852]"
1566,"[ 1053690   859075   840361 12384177   848319  7139529   976199  1028715
  1088836  1123146]"
1567,"[ 937626  934639  835300 1119761 1084036 1037337  993638 1037863 1098248
  986947]"
1568,"[ 923746 1133018 1022827  914190  830156 1112598  972894  917381 1125391
 1087353]"
1572,[ 1044068   919596  9835509 12301073]
1578,"[ 1038217  8090521  1139827  1136257   827180   873203   945090  1005186
   916122 12810393]"
1580,"[ 994928  859075  999971 1043590  857849  903230 8019716 1132770  882441
  962118]"
1585,[1107553 1011300 5569471 1058997 1126899 5568729 1123436 1027569 1110409]
1588,"[ 862349  866211  962568  901062  854852  961554 1137688 1022254 9547021
  861792]"
1591,"[ 916993  862139 1135768  850841 1044805  929668 1051379 6396566  995785
  878996]"
1595,"[1110042  987562  883202 1128016 1072968  930344  902396 1038894 1137775
  933835]"
1604,[5569230 1051211  856772  832678 1022003  847344  907466]
1609,"[5569230  942525  951590 1042438  977344 1070820  914190  872137 1024731
 1055737]"
1618,"[ 862349  828857  895070 1070820  893221  944836  878996  901062  961554
  903325]"
1627,"[1069621  995852 1011926  939636  995785 1105488  860776  903325  834484
 1051516]"
1631,"[ 883404  908531  826249  983584 5569327 1061220 5592931 1076875  909396
  859010]"
1633,"[ 826249  859075  951590  883932  914190  922651  969687  831536 1124507
 1096343]"
1634,"[ 883404  844165 8090537  999971 5569327 1134522 8119303  953476  922907
 6034966]"
1648,[1106523  985699]
1649,"[1094924 1035843 6391381  916122  866211  995785 1062002  854852  879528
  834484]"
1650,"[1081177  995785  962568 1037863 6034857  834484 1101956  855672 9837501
  870515]"
1653,"[ 908531 1096036  999971  857849 1037340  995628 1104343  935284  837107
 5587938]"
1662,"[1126899  880427  888275  992986  951907  993639  865156 1055425  916122
  985999]"
1676,"[1058404  872137  824305 1046816 1006878  925862  997907 1011926  961554
  903325]"
1677,"[5568378  965766  885290 5568489  872137  822178  911812 6534035 1115576
  844991]"
1680,[1006649]
1686,[ 883404 6919433  931672 1031923 1005186  986912]
1689,[ 883404  994928 1038217 1055168  978077]
1692,[1085604  908531 1133018 1076056 1038217  999971 1077555  911470  921744]
1693,"[1126899  880427  993466 1075313 1003188 6391381 1116741  985999  995785
  962568]"
1694,"[ 908531 1068719 8090537  994928  859075  840361 1038217 8090521  913785
  867188]"
1695,[989101]
1707,[ 1085604  7168417 13842090 13842214   861445]
1708,"[ 923746 5569230  994928  951590  896938  989935 8249365  924610  919534
 1123556]"
1710,"[ 840361  880427 9859060 1098248  860776  903325  965842 1119405 1046262
  827999]"
1720,"[ 826249  859075  951590  914190 5568729  828143  991268  904813  852864
 1077359]"
1722,"[ 994928 1065593 1058997 1126899  878290  966695  897953  859010 5587938
  926065]"
1726,"[  830775  1126899   970119 12384779   872137  1135044   963835  6391381
   962568   860776]"
1740,"[ 1011300  1056509   902856   888532  1006250   887342   863449   911470
  5591083 10456371]"
1745,[1096036]
1748,"[  883404   826249  1133018  1106523   983584   912860   947798  5590613
   850157 13512017]"
1749,"[ 955587  862349 1037332  879635 1031906 1135834  934399  907993 1039549
 1009719]"
1751,"[1053690 1068719 1039589  914190  960984  927191 1133072  897125  867668
 1029504]"
1753,"[  879755   883404   844165  1037894  1092026   934131 13511722  1067695
  1089066  1085256]"
1759,"[  883404  1068719   859075  1061220   896444   845705   987724  1096343
   867668 13417590]"
1762,"[ 883404  908531  923746  844165  859075  952317 1038217  983584  957951
 1096635]"
1764,"[1007269 1058997 1126899 5569374  856435  941313  976864  856345 9527350
  919828]"
1765,[ 883404 1040700]
1775,"[ 840361 1058997 1126899  843756 1037332 1121384  978343 1096458 1116096
 1122568]"
1778,"[  826249   833025  1083947  1050229   847344   941883  1094955   911812
   948254 13115493]"
1779,[ 819518 1125391 1065556  844179 1101010 1004906  845208]
1785,"[ 840361 1058997 1126899 1110142  993466 1104343  976199  933835 1055504
  903325]"
1788,"[ 960732 1058997 1136719  900072  934399  881883  885023 1039549  970160
 1092303]"
1791,[1076056  840361  888404  916122  845208 1055646]
1795,"[ 1085604   862349   977854   915617   847139 12384431  1022859  1135460
   999563   882941]"
1796,[ 952317  965766  856772  951590 1048440]
1797,"[1050229  967144  838097  996009  819518 1031087  900586 1043064  926206
  983278]"
1802,"[1000050  848319 5568191 1024731  958700 1136524  888835  878285  969977
  994868]"
1803,[ 1133018  1096036   849843   951590 13841744  1121410   845196]
1804,"[ 1068719   994928  1094619   900842  1050229   960984  9445919  1075074
   860975 12263788]"
1812,"[1076056 1007191  852014 1070015 5591490  923208 1134175 1068292  948832
 1127758]"
1815,[931672 833025 839243 962568 979707]
1816,[ 883404  908531 1073150 1118787  995134  932503]
1820,[ 880427 1092303  944836 1098248 1105488 6548453 5568228]
1823,"[ 840361  849843  862349  879635 1070820  902167  927400 1075074  825494
 1124507]"
1829,"[1135044  999391 1070076 1105488  922127 1039682  857006  855672 1052912
 8203851]"
1831,"[ 865456 1058997  828857  908489  968774  843756  893739  879635  890612
  873527]"
1833,[908531 994928 838186]
1834,[ 1022003  1137344 12810393]
1841,"[ 872137  852864 1062572  944534  999858 1004906  995785 1055646 1105488
  860776]"
1845,"[ 885697 1051093 1124674  976199  830887  868971 1132036 1116096 9881593
  831390]"
1847,[1051211  908283  844697]
1848,[  865501  1135834  1005186   839656   892573 13842088   894439   986912]
1850,"[ 840361  862349  872729 1070820 1075074  857390  944836  880150  891961
  995785]"
1858,"[1058997  850058 9420140  916122  995785 1062002  860776 1057102  961554
 1000237]"
1861,[1068719  965766  913785 1026346]
1864,"[ 1075170   901776  1104343   851515   880308  1057260 12263788  1028473
  1092303   856345]"
1865,"[ 830775  862349 1005274 1136719  976214  849315  820560 1003616  833724
 1092303]"
1869,[1069621]
1873,"[ 1085604  1106523  1092026   962229   943233   961458   931671  1044078
   844179 10285144]"
1879,"[1133018  951590  885290  953476  976998 9571047  828867 1121694 9859128
 1077975]"
1892,[ 883404  826249  909894 1033615 1042438 1084331 6979089 1044078 1093413]
1894,[ 873964 5567502]
1896,[ 1096343 12263788  1003188  8181515   889188   995785   961554]
1899,"[ 923746  826249  951590  945779  904375  865891  851188 1024051 1096728
 1101173]"
1901,"[ 879755  923746  863802  826249  844165 1068719 5568378 1043590  849843
  951590]"
1907,"[1133018 1068719  840361  833025 1077555 5592931  914190  848319 1104343
  976199]"
1911,[1091499 1044078  844179]
1914,[9527350  836645 1043787  892573  862010 1003257  894439]
1917,"[ 1133018  1106523   909894  1072693   900072 12263788   932006   863664
  1039549  1011645]"
1919,"[ 908531 1133018  994928 1065593 1118533  953476  976998 1113588 1080884
 9526666]"
1920,[1019643  995785  901666 1024306  903325  834484 1137688 1022254  829323]
1921,"[ 923746  840361 1077555  914190 7442056  954642 1069621  883940  860776
  971507]"
1923,[856435 890612 846301 948420 992986 924423 944836 995785 901062 854852]
1926,[ 994928  838010 7410288 5587938  926065 7410013 1000205]
1927,"[ 923746 1106523 1068719  871756 5568378 1096036 1043590  951590  857849
 1112754]"
1928,[ 908531  983584  828557 1019078  843744  908504 1014948]
1929,"[1106523  951590  913210  834117  929668 1021116 1067749  872417 1135354
  842707]"
1931,"[ 883404  923746 1133018 1106523  840361  843464 1048727 1062966  883963
  896862]"
1935,"[ 1007269  1004555   999104   843346  1053875   970409 10355376   847753
  1002739  1039566]"
1937,"[ 953476  999104  976998 1091858  907128  983936  945652 1093603 5996469
 9858742]"
1939,"[ 883404 1068719  859075 1016800  833025  926905 1071939  896085 1101173
 1139525]"
1944,"[1002178  843756  994223  880427 1070820  942778  887102 1121384 1048068
 7025106]"
1946,[10344585  6979160   862101   920109]
1948,"[ 994928 1058997  916993  987562  848319  958909  873654 1035843  922340
  995785]"
1949,"[ 923746 1133018  871756 5592931  985119 1033615 1008626 8019716 1044078
 1022254]"
1955,"[ 892008  951590  930917 1068708 1084551  980666  889774 1045220 1116096
  867020]"
1962,"[ 976199  911812 8014645  977543 1027569  962568  854852  903325 1022254
  908318]"
1964,[1013572  911470  904774  857055 5580577 1055646 1022254  870428]
1965,[ 883404  908531  826249 1022003 9884484 9881592 9881593]
1975,"[1011300  840361 5569471  977344  986187  967760 5568729 1012913 1115175
  990762]"
1976,"[1133018 1106523  999971  903230  976998 1132770 9420312  874736  884774
  830015]"
1979,[860776 979707]
1980,[ 935993 5568447 1022097  840890 1132771  952408 1101010 1042571 1033142]
1982,"[1058997 1121384 1086504 1044805  898349 1071759  856335  995785  961554
 1028816]"
1985,"[5569230  990797 1022003  967395 5591154 1068258 1132231 1022119 1079820
  823176]"
1989,"[ 900842  900418  948420  956672 1040346  851865  898847 7441419  840227
  914957]"
1990,"[  840361  1126899   843756   856435  1037332  1136257   824305  1019643
   856942 12263788]"
1995,"[6463742 1090676 1046816  914957 1137507 1048352  867272  909306  995785
  962568]"
1997,"[1058997 1126899  828857  968774  916993  880253  879635 1117336 1090017
  916122]"
2002,"[ 923746 5568378 1048462 1003188  822785  865511  916122  961554 1006184
 1131438]"
2004,"[1058930  888543  918390  999104  885307  890695 8177622 1024731 7168026
 9803545]"
2006,"[ 923746  840361 5569471  916993 1070820  893501  858743  949836  945611
  978313]"
2007,"[ 849843  890909  981660 9677236  902172  887342 1120213 1094955  911812
 1017127]"
2011,[ 893501  930918  973086 1053931  962522 1006184]
2012,"[1133018 1106523  844165  859075 5568378 1065593 1118533 1132770  882441
  962118]"
2017,"[ 840361  896369 1071939 1126899 1136257  976199  987724  897125  908940
  855468]"
2018,"[1106523 1122358 1015375  889731 1015296 1072523  866211  995785 1037863
  845208]"
2020,"[1068719 1076056  981521  848970 1104649 1122358 8019716 1027068  895540
 1044759]"
2023,[10204393   852856   912704  1011457]
2024,[ 840601 1126899 7025106 9934800]
2030,[1110142 1029504 1043751]
2040,[883404]
2041,"[1127716 1088836  911088  917033 7410013 1020962  896613 1058214  995785
 1074333]"
2050,[ 883404 1096036  903233  899624  847982]
2053,"[  883404   908531  5569230  1091858   941856  1092446 12757140   980657
   906017   892998]"
2058,"[5569471  990688  848319  948420  872137 1011926 1061982  860776 6034857
  903325]"
2062,[ 987562  849264 1022254]
2063,"[ 961447  862349 1090676  915874  833870 1005186  939636  871611  986912
  866211]"
2064,"[ 861272  907392  887102 1044805 1029619 1006483  879876 1081177  995785
  962568]"
2068,"[1077555  862349 1050229 1022003 1075074  852864 7025106  960791 1071342
 1004906]"
2069,[ 879755 1106523 1033615  857849]
2070,"[1085604  883404  908531  834103  863802 1011300 1092026  994928 1069175
  859075]"
2076,"[1058997  908489  968774  895070 1051093  880253  893739  820560 1090017
 1043787]"
2082,[1136257  848319 1035843  855325 1137688]
2084,"[ 880253 1124674  879635  873527 1021694 1110142  836393 1107089  926206
 1090017]"
2085,"[ 883404  923746  962229 5568378  870547 1096036  833025  983584 8019716
  874061]"
2086,"[ 879755 1107553  923746 1138189 1073150 7409664 6919433  825749 1137304
  825659]"
2087,"[ 840361  916993 1136257  958909 1034686  976199  967762 1013187  995785
  962568]"
2088,"[6034966 9677202 1022003 1114597  905868  921744  828867  929433  934676
 1058779]"
2094,[5569374 1057260 1037863 9836460]
2097,[ 884774  918462 6463710]
2100,"[ 826249 1133018 1106523 1068719  994928  857849  960984 1041796 1022003
  852864]"
2102,"[ 872137  864143  995876  996009 1094562 7024830 1028473 1125391 1045586
  926206]"
2107,"[ 840361 1002178 6463717  961554  970030  965842  870515  925112 1060705
 1018050]"
2110,"[1106523 9420067  866211  901062  909714 6034857 1117514  869857  970030
  824005]"
2111,[ 908531 1058997]
2112,"[1068719  840361  998373 1010424  992946  843306  999318  965530 9835509
  995785]"
2115,"[ 883404  826249 1068719  859075  965766  833025  913785 1065593 5569471
  914190]"
2116,"[  862349  1070820   848319  7442056 12263788   873654  1105917  1108092
  1039156 10285243]"
2119,[ 994928  896369  848247  919534  947267 1095032  961554]
2121,[ 848319 1057260]
2123,"[1056509  832678  980943 7442180  920978 7441419  957232  889223  840102
  944534]"
2124,"[ 840361 1126899  850058  843756  994223  880427 1034686  895540  916050
 1044895]"
2129,"[ 826249  859075 1038217 1096036 1061220  849843 1024051 1108168  930917
 1003188]"
2130,"[1133018 1106523 1068719  840361 1096036 1122358  914190 1057260  896085
  873654]"
2133,"[  900842   904105  1019247 12301109  1137775  7024871  1043751   866211
  8273950]"
2134,[ 981660 1034956 1038985  899624 1009046  971507]
2140,"[5565322 1128244 1056746 1005186  962568  845208  854852  928146  826597
  832442]"
2147,"[ 840361 1071939 1136257  848319 1104343 1037451  895540  873654 1044895
  869604]"
2148,"[1133018  844165 1068719  943233  867188  951590  932182 1114006  895930
 1101010]"
2154,[ 923746  849843 6533362  958046 6904666  999270]
2156,"[  908531   859075  1118787   861272   845193   834491   871433  1054262
   965982 10254584]"
2158,[ 862349 7410016  902167 1037451 7410290  921744  995785  860776 1006184]
2162,"[5569471  955587 1007269  993466 1127716  882496 1093966 9859128  847241
 1067749]"
2168,"[ 883404  826249 8090521 1096036  916381  985911  890695 1089954  996156
  930262]"
2172,"[1104343 1057260 5585701  962568  860776 1117514  903325 1033142  900802
 7169034]"
2173,[  908531   975649 13842088]
2181,"[5569471  914190 6034577  954642 9187298 1135044 1087102 1137775  933835
  866211]"
2183,"[ 908531  916993 1013572 9522453 1098248  860776 6034857  857503  909268
 1112333]"
2184,[ 897125 1074333]
2185,[999965 839656]
2186,"[ 826249 1106523 1068719  840361  871756  965766  870547  951590  998556
 1022827]"
2188,[1133018  849843  913210 7025047  819978  933835 1101010  866211]
2190,"[ 908531  826249 1133018 1106523  994928 5568378 1096635  953476  860975
  929309]"
2193,"[ 840361  862349 1070820 1005274  904833 7025106  866211 1055504  961554
 1051516]"
2194,"[ 840361  862349  914190 1016709  989249  865026 7169089  845307 1042571
  887661]"
2198,"[ 883404  826249  953476  890695 1081189  942817  865026 9913338 1017982
  844179]"
2199,"[ 1126899   862349   828857   908489 12384779  1051093   916993   893739
  1050229  1075074]"
2200,[923746 859075 840361 823721 892844 985427 834842 972931 995876 827180]
2203,[1028953  979707]
2208,[ 5569230  1106523   962229   908064 12810393  1132771   940947]
2209,"[  859075  1071939   921744   936924   903350 12577242   946839  1039156
   866211  1102949]"
2217,"[ 923746  862349 1075074  825494  905340 5995596 1081421 1005186  903325
 1026118]"
2221,[1058997 1037751  900610]
2224,"[ 868764  849843  862349  893501  977199  900145 1129610 1007210  996009
 1031087]"
2231,"[1129671  951746  945273  846907  944836 1024306 1057102  961554 1051516
 1137688]"
2233,"[1058997  828857  908489  968774  895070 1051093  873527 1136257 7155863
 1048272]"
2234,"[1104343 1040701 1042628 1121694  955370  997309  844179  880150  831628
  995785]"
2235,[ 953180  969866 1125199]
2237,"[ 994928  840361  833025 1077555 1058997  843756 1136257 1106064  819765
  942817]"
2243,"[ 840361 1038217  833025  849843  911812 1066685 1012816 8119302  909761
 1139651]"
2250,[ 867188 1033769  919534]
2252,"[ 883404  908531  923746 1133018 1068719  859075  896369  833025 1056509
 1005609]"
2260,[ 1118787   855138   892844  1069003 13842214  1096317]
2264,"[  840361  1058997  1126899  1002178  1104343  7025106   919828  5565925
  1054539 13511916]"
2266,"[ 840361  862349  843756  848319 1104343  824305 1011926  923789 1076195
  866211]"
2269,"[  826249  1001702   965766  1056509   867188   951590  1031740   844179
   916122 12301109]"
2272,"[ 1068719  1099656 13877192   840227  1045586  6773016   883665  1130375
   932949   827656]"
2279,[ 844165  868764 9297575  861272  971504  839162]
2280,"[ 908531 5569230 1133018  994928  833025  988693  867188  883932 1096635
  914190]"
2282,[ 903077  833724 1119051  903325  825541 1112333  971507]
2284,"[ 840361 1126899  914190 5568729  872137 9187298  892531 1009187  830156
 8014645]"
2292,[ 883404  903230 1132770  882441 1120741  955043 1036501  916767]
2294,"[ 923746  859075  840361 1118533 9445919 1105623 5587656 5590613  855468
  989249]"
2295,"[ 923746 1106523 1068719 1007191 1139827  911812 1108854 1109805 1079542
 1044078]"
2296,"[ 883404  826249  952317 1038217  893018 1118533  927191  913210  821344
  946977]"
2298,"[  923746   871756   963727   999714  1005935   864774  1120362 12301100
   966348   910032]"
2300,[1048068  898349  819304  864532  920109  844179 8019968 7138817]
2302,"[  883404   908531   886703  1110142   912553   873203 13190294   928754
  1012816   945627]"
2305,"[ 840361 1056509  926796  847789  919589 9523079 1024032  999858  847982
  961554]"
2307,"[ 893501  927382 1123436 1049735 1007148 1005186 1138443 1070845  933835
  883003]"
2312,"[ 840361  862349 1002178  843756 1037332  880427 1070820  942778  848319
  824305]"
2314,"[ 840361  908346 1093359  872729  916993  843756  997506  972569  901452
 1017887]"
2317,"[ 833025 1039589 1071939 1122358  914190 1136257 1034686  819330 6979005
 1101980]"
2322,"[1110409  866211  986947 1119051  909714  854852  903800 1102949 1051516
 5578547]"
2324,"[ 840361  967760  907392 1012913 1049906 1083947  938118  995785  962568
  909714]"
2328,"[1106523  848319 1115576 1033403  846417  992292  916122  951412  970030
  948086]"
2330,[ 995785 6034857  857503  979707  970030]
2331,"[ 908531  859075  833025  988208 1014458  997988  824915 1014802  997011
  881154]"
2334,"[1053690  962229  859075 5568378 1065593  951590  953476  917654 1070272
  999198]"
2337,"[ 1110572   883404  1133018  1106523   999971  1067695   944317   951590
  1040781 13841744]"
2341,"[ 883404 1106523  844165 1092026  994928  859075 5568378  965766  833025
 1065593]"
2342,"[1068719  994928  859075  833025 1056509  832678 1046465  976199 7166865
 1129576]"
2343,"[ 908531  913785  974306 1074271 1136257  987562 1012284  868423  954642
 1043416]"
2347,[ 826249 5569230  916381 1122358 1077048  857503]
2351,"[ 923746  829852 1136257 1110142  987562  848319 1002558  976199  957013
 9445919]"
2359,[ 879755  883404  991951  826249 1106523 1037894  994928 1075470]
2360,"[5568729  869728 9878513  976998 1095100  886941  844179  916122  999858
  883003]"
2361,"[ 853262  902172 1100972 1139525 1138487  865511  831937 1057011  863885
  962991]"
2367,[ 840361 1088835  882830 1001148 1015826]
2370,"[ 840361  857849  862349  914190  987562  896444 1031740  997907 9553031
  897954]"
2374,"[  908531   923746   914190  1041796  1079048   982393 13115579  1137775
  1004906  1081177]"
2376,"[ 849843  870780 1075074 1082212 1129671  951746  836393  833556  905582
  846907]"
2378,"[ 844165 1053690  833025 1076875  909396 1037340  914190 5568729  845705
 1128016]"
2380,"[1068719  840361 1112560 1046465 1132770  873654  871433  951102  951703
  825618]"
2393,[ 954642 1057260  997309  962568 1055504  903800  903325  995965]
2400,"[ 883404 1138189 1133018 1106523 1068719 8090537 8090521 1043590  909894
 1023958]"
2405,[ 923746 1091383  931608 1005186 6602697  878996  936914 1053730]
2406,"[  923746  1053690   952317  5568378   960732  1126899   910109  5569374
  5568729 10344585]"
2407,"[ 923746  826249 1096036 1056509  867188 1077555 1080155  914190  987562
  845705]"
2420,"[1106523 1068719 1096036 1043590  984715  823758 1074499 1070015  943088
 1014238]"
2421,"[ 840361 1126899  862349  843756 1136257  976199 1115175 7168026 1003188
  873654]"
2426,[ 844165 1053690 1058404]
2427,"[1109374 1135460 1114604 1019011  966695  938841  897953 1123436  856788
  882941]"
2432,"[1085604 1092026  983584 1065593  928049  845705  930917  882830 1110244
 1109370]"
2435,"[  908531   923746   983584  1105623   902167  1013770   912553   921744
 12695224  1029504]"
2437,"[ 895070  843756  890612 1117336 1070820  972445 1016709  886395 1048068
  990656]"
2445,[  883404   923746 13511722   967144   913278  1005186  1039156]
2446,[ 826249 1115175 1060005  911812 1031697  834484]
2447,"[1107553 1011300 1058997 9677236 1005186  962568  961554 5578547  979707
 9705473]"
2448,"[ 923746  826249  840361  965766  867188  914190 1096343  977545  911812
 1077490]"
2449,"[  840361   827919  1058997  1126899   977344   861272   843756   927783
 10121965   872137]"
2453,[1053690  976199 1057260 1048260 6391381  879445  921288]
2455,[ 965766 5569327  844179  933835  959316 1131321 1014948]
2465,[ 994928 1039156  986912 1052912]
2467,"[ 908531 1073150  840361 1058997 8090536 1136257 1010424 1109374  897953
 1070214]"
2479,"[ 826249  859075  840361 1051211 8090532  913785 1039589  951590  914190
 1104414]"
2483,"[ 896369 1118533  849843  871279  863449  911470  893802 6533936  846241
 1048727]"
2486,"[ 883404 1133018 1068719  840361 8090521 1043590  870780 1022003  951746
  836393]"
2488,"[ 826249  862349  861272 5569374 1070820  986187  977854 1133072  885023
  929668]"
2489,[1068719]
2494,[ 840361  862349 1010424  995965]
2496,"[ 883404  826249  865456 1056509  913785  867188  857849 1034686  995876
  852864]"
2497,"[1068719  859075  840361 1038217  896938  914190  859010  897125  884896
 1135834]"
2498,[ 914190  954673 1030981 1100379  940766  951197  961554]
2499,"[ 883404  826249 5568378  999971 5569327  985911  947798  830887 1060872
 1079228]"
